<?xml version="1.0" encoding="UTF-8"?>
<ivy-module version="2.0" xmlns:m="http://ant.apache.org/ivy/maven">
	<info organisation="com.google.guava"
		module="guava"
		revision="14.0.1"
		status="release"
		publication="20130315052719"
	>
		<description homepage="">
		Guava is a suite of core and expanded libraries that include
    utility classes, google&apos;s collections, io classes, and much
    much more.

    Guava has two code dependencies - javax.annotation
    per the JSR-305 spec and javax.inject per the JSR-330 spec.
		</description>
		<m:properties__gpg.skip>true</m:properties__gpg.skip>
		<m:properties__project.build.sourceEncoding>UTF-8</m:properties__project.build.sourceEncoding>
		<m:properties__sonatypeOssDistMgmtSnapshotsUrl>https://oss.sonatype.org/content/repositories/snapshots/</m:properties__sonatypeOssDistMgmtSnapshotsUrl>
		<m:maven.plugins>org.apache.maven.plugins__maven-enforcer-plugin__1.0|org.apache.maven.plugins__maven-enforcer-plugin__1.0|null__maven-gpg-plugin__1.4|org.apache.maven.plugins__maven-enforcer-plugin__1.0|org.apache.maven.plugins__maven-enforcer-plugin__1.0|null__maven-gpg-plugin__1.4|org.apache.felix__maven-bundle-plugin__2.3.7|null__maven-compiler-plugin__2.3.2|null__maven-source-plugin__2.1.2|null__maven-javadoc-plugin__2.8|org.codehaus.mojo__animal-sniffer-maven-plugin__1.7|org.apache.maven.plugins__maven-javadoc-plugin__2.8</m:maven.plugins>
	</info>
	<configurations>
		<conf name="default" visibility="public" description="runtime dependencies and master artifact can be used with this conf" extends="runtime,master"/>
		<conf name="master" visibility="public" description="contains only the artifact published by this module itself, with no transitive dependencies"/>
		<conf name="compile" visibility="public" description="this is the default scope, used if none is specified. Compile dependencies are available in all classpaths."/>
		<conf name="provided" visibility="public" description="this is much like compile, but indicates you expect the JDK or a container to provide it. It is only available on the compilation classpath, and is not transitive."/>
		<conf name="runtime" visibility="public" description="this scope indicates that the dependency is not required for compilation, but is for execution. It is in the runtime and test classpaths, but not the compile classpath." extends="compile"/>
		<conf name="test" visibility="private" description="this scope indicates that the dependency is not required for normal use of the application, and is only available for the test compilation and execution phases." extends="runtime"/>
		<conf name="system" visibility="public" description="this scope is similar to provided except that you have to provide the JAR which contains it explicitly. The artifact is always available and is not looked up in a repository."/>
		<conf name="sources" visibility="public" description="this configuration contains the source artifact of this module, if any."/>
		<conf name="javadoc" visibility="public" description="this configuration contains the javadoc artifact of this module, if any."/>
		<conf name="optional" visibility="public" description="contains all optional dependencies"/>
	</configurations>
	<publications>
		<artifact name="guava" type="bundle" ext="jar" conf="master"/>
	</publications>
	<dependencies>
		<dependency org="com.google.code.findbugs" name="jsr305" rev="1.3.9" force="true" conf="provided->compile(*),provided(*),runtime(*),master(compile)"/>
		<dependency org="javax.inject" name="javax.inject" rev="1" force="true" conf="provided->compile(*),provided(*),runtime(*),master(compile)"/>
	</dependencies>
</ivy-module>
