<?xml version="1.0" encoding="UTF-8"?>
<ivy-module version="2.0" xmlns:m="http://ant.apache.org/ivy/maven">
	<info organisation="com.101tec"
		module="zkclient"
		revision="0.3"
		status="release"
		publication="20130529131028"
	>
		<license name="The Apache Software License, Version 2.0" url="http://www.apache.org/licenses/LICENSE-2.0.txt" />
		<description homepage="https://github.com/sgroschupf/zkclient">
		A zookeeper client, that makes life a little easier.
		</description>
	</info>
	<configurations>
		<conf name="default" visibility="public" description="runtime dependencies and master artifact can be used with this conf" extends="runtime,master"/>
		<conf name="master" visibility="public" description="contains only the artifact published by this module itself, with no transitive dependencies"/>
		<conf name="compile" visibility="public" description="this is the default scope, used if none is specified. Compile dependencies are available in all classpaths."/>
		<conf name="provided" visibility="public" description="this is much like compile, but indicates you expect the JDK or a container to provide it. It is only available on the compilation classpath, and is not transitive."/>
		<conf name="runtime" visibility="public" description="this scope indicates that the dependency is not required for compilation, but is for execution. It is in the runtime and test classpaths, but not the compile classpath." extends="compile"/>
		<conf name="test" visibility="private" description="this scope indicates that the dependency is not required for normal use of the application, and is only available for the test compilation and execution phases." extends="runtime"/>
		<conf name="system" visibility="public" description="this scope is similar to provided except that you have to provide the JAR which contains it explicitly. The artifact is always available and is not looked up in a repository."/>
		<conf name="sources" visibility="public" description="this configuration contains the source artifact of this module, if any."/>
		<conf name="javadoc" visibility="public" description="this configuration contains the javadoc artifact of this module, if any."/>
		<conf name="optional" visibility="public" description="contains all optional dependencies"/>
	</configurations>
	<publications>
		<artifact name="zkclient" type="jar" ext="jar" conf="master"/>
	</publications>
	<dependencies>
		<dependency org="org.apache.zookeeper" name="zookeeper" rev="3.3.1" force="true" conf="compile->compile(*),master(compile);runtime->runtime(*)">
			<exclude org="com.sun.jmx" module="jmxri" name="*" type="*" ext="*" conf="" matcher="exact"/>
			<exclude org="javax.jms" module="jms" name="*" type="*" ext="*" conf="" matcher="exact"/>
			<exclude org="com.sun.jdmk" module="jmxtools" name="*" type="*" ext="*" conf="" matcher="exact"/>
		</dependency>
		<dependency org="log4j" name="log4j" rev="1.2.14" force="true" conf="compile->compile(*),master(compile);runtime->runtime(*)">
			<exclude org="com.sun.jmx" module="jmxri" name="*" type="*" ext="*" conf="" matcher="exact"/>
			<exclude org="javax.jms" module="jms" name="*" type="*" ext="*" conf="" matcher="exact"/>
			<exclude org="com.sun.jdmk" module="jmxtools" name="*" type="*" ext="*" conf="" matcher="exact"/>
		</dependency>
		<dependency org="junit" name="junit" rev="4.7" force="true" conf="test->runtime(*),master(compile)"/>
		<dependency org="org.mockito" name="mockito-core" rev="1.8.0" force="true" conf="test->runtime(*),master(compile)"/>
		<dependency org="commons-io" name="commons-io" rev="1.4" force="true" conf="test->runtime(*),master(compile)"/>
	</dependencies>
</ivy-module>
