<?xml version="1.0" encoding="UTF-8"?>
<ivy-module version="2.0" xmlns:m="http://ant.apache.org/ivy/maven">
	<info organisation="com.sun.jersey"
		module="jersey-project"
		revision="1.9"
		status="release"
		publication="20110902164627"
	>
		<license name="CDDL 1.1" url="http://glassfish.java.net/public/CDDL+GPL_1_1.html" />
		<license name="GPL2 w/ CPE" url="http://glassfish.java.net/public/CDDL+GPL_1_1.html" />
		<description homepage="https://jersey.java.net/">
		Jersey is the open source (under dual CDDL+GPL license) JAX-RS (JSR 311)
        production quality Reference Implementation for building
        RESTful Web services.
		</description>
		<m:dependency.management__junit__junit__version>4.8.2</m:dependency.management__junit__junit__version>
		<m:properties__jackson.version>1.8.3</m:properties__jackson.version>
		<m:dependency.management__com.sun.xml.bind__jaxb-impl__version>2.2.3-1</m:dependency.management__com.sun.xml.bind__jaxb-impl__version>
		<m:dependency.management__org.codehaus.jackson__jackson-core-asl__version>1.8.3</m:dependency.management__org.codehaus.jackson__jackson-core-asl__version>
		<m:dependency.management__org.codehaus.jackson__jackson-mapper-asl__version>1.8.3</m:dependency.management__org.codehaus.jackson__jackson-mapper-asl__version>
		<m:dependency.management__org.codehaus.jackson__jackson-jaxrs__version>1.8.3</m:dependency.management__org.codehaus.jackson__jackson-jaxrs__version>
		<m:dependency.management__org.codehaus.jackson__jackson-xc__version>1.8.3</m:dependency.management__org.codehaus.jackson__jackson-xc__version>
		<m:properties__project.build.sourceEncoding>UTF-8</m:properties__project.build.sourceEncoding>
		<m:properties__jvnetDistMgmtSnapshotsUrl>https://maven.java.net/content/repositories/snapshots/</m:properties__jvnetDistMgmtSnapshotsUrl>
		<m:maven.plugins>org.apache.maven.plugins__maven-enforcer-plugin__1.0|org.apache.maven.plugins__maven-enforcer-plugin__1.0|org.codehaus.mojo__buildnumber-maven-plugin__null|org.apache.maven.plugins__maven-jar-plugin__null|org.codehaus.mojo__cobertura-maven-plugin__null</m:maven.plugins>
	</info>
	<configurations>
		<conf name="default" visibility="public" description="runtime dependencies and master artifact can be used with this conf" extends="runtime,master"/>
		<conf name="master" visibility="public" description="contains only the artifact published by this module itself, with no transitive dependencies"/>
		<conf name="compile" visibility="public" description="this is the default scope, used if none is specified. Compile dependencies are available in all classpaths."/>
		<conf name="provided" visibility="public" description="this is much like compile, but indicates you expect the JDK or a container to provide it. It is only available on the compilation classpath, and is not transitive."/>
		<conf name="runtime" visibility="public" description="this scope indicates that the dependency is not required for compilation, but is for execution. It is in the runtime and test classpaths, but not the compile classpath." extends="compile"/>
		<conf name="test" visibility="private" description="this scope indicates that the dependency is not required for normal use of the application, and is only available for the test compilation and execution phases." extends="runtime"/>
		<conf name="system" visibility="public" description="this scope is similar to provided except that you have to provide the JAR which contains it explicitly. The artifact is always available and is not looked up in a repository."/>
		<conf name="sources" visibility="public" description="this configuration contains the source artifact of this module, if any."/>
		<conf name="javadoc" visibility="public" description="this configuration contains the javadoc artifact of this module, if any."/>
		<conf name="optional" visibility="public" description="contains all optional dependencies"/>
	</configurations>
	<publications>
	</publications>
</ivy-module>
