<?xml version="1.0" encoding="UTF-8"?>
<ivy-module version="2.0" xmlns:m="http://ant.apache.org/ivy/maven">
	<info organisation="com.yammer.metrics"
		module="metrics-parent"
		revision="2.2.0"
		status="release"
		publication="20121127014004"
	>
		<license name="Apache License 2.0" url="http://www.apache.org/licenses/LICENSE-2.0.html" />
		<description homepage="http://metrics.codahale.com/">
		Yammer&apos;s Metrics library.
		</description>
		<m:properties__project.reporting.outputEncoding>UTF-8</m:properties__project.reporting.outputEncoding>
		<m:properties__jackson.version>2.1.1</m:properties__jackson.version>
		<m:properties__slf4j.version>1.7.2</m:properties__slf4j.version>
		<m:properties__servlet.version>2.5</m:properties__servlet.version>
		<m:properties__project.build.sourceEncoding>UTF-8</m:properties__project.build.sourceEncoding>
		<m:properties__jetty.version>8.1.8.v20121106</m:properties__jetty.version>
		<m:maven.plugins>org.apache.maven.plugins__maven-compiler-plugin__2.3.2|org.apache.maven.plugins__maven-surefire-plugin__2.8.1|org.apache.maven.plugins__maven-source-plugin__2.1.2|org.apache.maven.plugins__maven-javadoc-plugin__2.8.1|org.apache.maven.plugins__maven-release-plugin__2.2.1|org.codehaus.mojo__findbugs-maven-plugin__2.3.3|org.apache.maven.plugins__maven-site-plugin__3.0</m:maven.plugins>
		<m:properties__guice.version>3.0</m:properties__guice.version>
	</info>
	<configurations>
		<conf name="default" visibility="public" description="runtime dependencies and master artifact can be used with this conf" extends="runtime,master"/>
		<conf name="master" visibility="public" description="contains only the artifact published by this module itself, with no transitive dependencies"/>
		<conf name="compile" visibility="public" description="this is the default scope, used if none is specified. Compile dependencies are available in all classpaths."/>
		<conf name="provided" visibility="public" description="this is much like compile, but indicates you expect the JDK or a container to provide it. It is only available on the compilation classpath, and is not transitive."/>
		<conf name="runtime" visibility="public" description="this scope indicates that the dependency is not required for compilation, but is for execution. It is in the runtime and test classpaths, but not the compile classpath." extends="compile"/>
		<conf name="test" visibility="private" description="this scope indicates that the dependency is not required for normal use of the application, and is only available for the test compilation and execution phases." extends="runtime"/>
		<conf name="system" visibility="public" description="this scope is similar to provided except that you have to provide the JAR which contains it explicitly. The artifact is always available and is not looked up in a repository."/>
		<conf name="sources" visibility="public" description="this configuration contains the source artifact of this module, if any."/>
		<conf name="javadoc" visibility="public" description="this configuration contains the javadoc artifact of this module, if any."/>
		<conf name="optional" visibility="public" description="contains all optional dependencies"/>
	</configurations>
	<publications>
	</publications>
	<dependencies>
		<dependency org="junit" name="junit" rev="4.11" force="true" conf="test->runtime(*),master(compile)"/>
		<dependency org="org.hamcrest" name="hamcrest-all" rev="1.3" force="true" conf="test->runtime(*),master(compile)"/>
		<dependency org="org.mockito" name="mockito-all" rev="1.9.5" force="true" conf="test->runtime(*),master(compile)"/>
	</dependencies>
</ivy-module>
