<?xml version="1.0" encoding="UTF-8"?>
<ivy-module version="2.0" xmlns:m="http://ant.apache.org/ivy/maven">
	<info organisation="com.esotericsoftware.reflectasm"
		module="reflectasm"
		revision="1.07"
		status="release"
		publication="20120619135452"
	>
		<license name="New BSD License" url="http://www.opensource.org/licenses/bsd-license.php" />
		<description homepage="http://code.google.com/p/reflectasm/">
		High performance Java reflection using code generation
		</description>
		<m:properties__project.build.sourceEncoding>UTF-8</m:properties__project.build.sourceEncoding>
		<m:maven.plugins>null__maven-resources-plugin__2.5|org.apache.maven.plugins__maven-jar-plugin__2.4|org.apache.maven.plugins__maven-shade-plugin__1.7</m:maven.plugins>
	</info>
	<configurations>
		<conf name="default" visibility="public" description="runtime dependencies and master artifact can be used with this conf" extends="runtime,master"/>
		<conf name="master" visibility="public" description="contains only the artifact published by this module itself, with no transitive dependencies"/>
		<conf name="compile" visibility="public" description="this is the default scope, used if none is specified. Compile dependencies are available in all classpaths."/>
		<conf name="provided" visibility="public" description="this is much like compile, but indicates you expect the JDK or a container to provide it. It is only available on the compilation classpath, and is not transitive."/>
		<conf name="runtime" visibility="public" description="this scope indicates that the dependency is not required for compilation, but is for execution. It is in the runtime and test classpaths, but not the compile classpath." extends="compile"/>
		<conf name="test" visibility="private" description="this scope indicates that the dependency is not required for normal use of the application, and is only available for the test compilation and execution phases." extends="runtime"/>
		<conf name="system" visibility="public" description="this scope is similar to provided except that you have to provide the JAR which contains it explicitly. The artifact is always available and is not looked up in a repository."/>
		<conf name="sources" visibility="public" description="this configuration contains the source artifact of this module, if any."/>
		<conf name="javadoc" visibility="public" description="this configuration contains the javadoc artifact of this module, if any."/>
		<conf name="optional" visibility="public" description="contains all optional dependencies"/>
	</configurations>
	<publications>
		<artifact name="reflectasm" type="jar" ext="jar" conf="master"/>
	</publications>
	<dependencies>
		<dependency org="org.ow2.asm" name="asm" rev="4.0" force="true" conf="compile->compile(*),master(compile);runtime->runtime(*)"/>
		<dependency org="junit" name="junit" rev="4.8.2" force="true" conf="test->runtime(*),master(compile)"/>
	</dependencies>
</ivy-module>
