<?xml version="1.0" encoding="UTF-8"?>
<ivy-module version="2.0" xmlns:m="http://ant.apache.org/ivy/maven">
	<info organisation="org.apache.parquet"
		module="parquet-common"
		revision="1.7.0"
		status="release"
		publication="20150515231858"
	>
		<description homepage="https://parquet.apache.org" />
		<m:properties__organization.logo>http://www.apache.org/images/asf_logo_wide.gif</m:properties__organization.logo>
		<m:properties__thrift.version>0.7.0</m:properties__thrift.version>
		<m:properties__thrift.executable>thrift</m:properties__thrift.executable>
		<m:properties__shade.prefix>shaded.parquet</m:properties__shade.prefix>
		<m:properties__jackson.version>1.9.11</m:properties__jackson.version>
		<m:properties__targetJavaVersion>1.6</m:properties__targetJavaVersion>
		<m:properties__hadoop.version>1.1.0</m:properties__hadoop.version>
		<m:properties__maven.compiler.target>${targetJavaVersion}</m:properties__maven.compiler.target>
		<m:properties__github.global.server>github</m:properties__github.global.server>
		<m:maven.plugins>org.apache.maven.plugins__maven-remote-resources-plugin__null|org.apache.maven.plugins__maven-remote-resources-plugin__null|com.mycila.maven-license-plugin__maven-license-plugin__1.10.b1|org.apache.maven.plugins__maven-compiler-plugin__null|org.apache.maven.plugins__maven-surefire-plugin__2.10|org.codehaus.mojo__buildnumber-maven-plugin__1.1|org.apache.rat__apache-rat-plugin__null|org.apache.maven.plugins__maven-remote-resources-plugin__null|org.apache.maven.plugins__maven-remote-resources-plugin__null|com.mycila.maven-license-plugin__maven-license-plugin__1.10.b1|org.apache.maven.plugins__maven-compiler-plugin__null|org.apache.maven.plugins__maven-surefire-plugin__2.10|org.codehaus.mojo__buildnumber-maven-plugin__1.1|org.apache.rat__apache-rat-plugin__null|null__maven-enforcer-plugin__null|org.apache.maven.plugins__maven-jar-plugin__null</m:maven.plugins>
		<m:properties__pig.version>0.11.1</m:properties__pig.version>
		<m:properties__project.reporting.outputEncoding>UTF-8</m:properties__project.reporting.outputEncoding>
		<m:properties__distMgmtSnapshotsUrl>https://repository.apache.org/content/repositories/snapshots</m:properties__distMgmtSnapshotsUrl>
		<m:properties__scala.binary.version>2.10</m:properties__scala.binary.version>
		<m:properties__jackson.groupId>org.codehaus.jackson</m:properties__jackson.groupId>
		<m:properties__gpg.useagent>true</m:properties__gpg.useagent>
		<m:properties__log4j.version>1.2.17</m:properties__log4j.version>
		<m:properties__parquet.format.version>2.3.0-incubating</m:properties__parquet.format.version>
		<m:properties__project.build.sourceEncoding>UTF-8</m:properties__project.build.sourceEncoding>
		<m:properties__scala.version>2.10.4</m:properties__scala.version>
		<m:properties__previous.version>1.5.0</m:properties__previous.version>
		<m:properties__distMgmtSnapshotsName>Apache Development Snapshot Repository</m:properties__distMgmtSnapshotsName>
		<m:properties__maven-jar-plugin.version>2.4</m:properties__maven-jar-plugin.version>
		<m:properties__jackson.package>org.codehaus.jackson</m:properties__jackson.package>
		<m:properties__sourceReleaseAssemblyDescriptor>source-release</m:properties__sourceReleaseAssemblyDescriptor>
		<m:properties__cascading.version>2.5.3</m:properties__cascading.version>
		<m:properties__maven.compiler.source>1.6</m:properties__maven.compiler.source>
		<m:properties__scala.maven.test.skip>false</m:properties__scala.maven.test.skip>
	</info>
	<configurations>
		<conf name="default" visibility="public" description="runtime dependencies and master artifact can be used with this conf" extends="runtime,master"/>
		<conf name="master" visibility="public" description="contains only the artifact published by this module itself, with no transitive dependencies"/>
		<conf name="compile" visibility="public" description="this is the default scope, used if none is specified. Compile dependencies are available in all classpaths."/>
		<conf name="provided" visibility="public" description="this is much like compile, but indicates you expect the JDK or a container to provide it. It is only available on the compilation classpath, and is not transitive."/>
		<conf name="runtime" visibility="public" description="this scope indicates that the dependency is not required for compilation, but is for execution. It is in the runtime and test classpaths, but not the compile classpath." extends="compile"/>
		<conf name="test" visibility="private" description="this scope indicates that the dependency is not required for normal use of the application, and is only available for the test compilation and execution phases." extends="runtime"/>
		<conf name="system" visibility="public" description="this scope is similar to provided except that you have to provide the JAR which contains it explicitly. The artifact is always available and is not looked up in a repository."/>
		<conf name="sources" visibility="public" description="this configuration contains the source artifact of this module, if any."/>
		<conf name="javadoc" visibility="public" description="this configuration contains the javadoc artifact of this module, if any."/>
		<conf name="optional" visibility="public" description="contains all optional dependencies"/>
	</configurations>
	<publications>
		<artifact name="parquet-common" type="jar" ext="jar" conf="master"/>
	</publications>
	<dependencies>
		<dependency org="junit" name="junit" rev="4.10" force="true" conf="test->runtime(*),master(compile)"/>
		<dependency org="org.easymock" name="easymock" rev="3.2" force="true" conf="test->runtime(*),master(compile)"/>
		<dependency org="commons-httpclient" name="commons-httpclient" rev="3.0.1" force="true" conf="test->runtime(*),master(compile)"/>
	</dependencies>
</ivy-module>
