<?xml version="1.0" encoding="UTF-8"?>
<ivy-module version="2.0" xmlns:m="http://ant.apache.org/ivy/maven">
	<info organisation="com.esotericsoftware.kryo"
		module="kryo"
		revision="2.21"
		status="release"
		publication="20130228021753"
	>
		<license name="New BSD License" url="http://www.opensource.org/licenses/bsd-license.php" />
		<description homepage="http://code.google.com/p/kryo/">
		Fast, efficient Java serialization
		</description>
		<m:properties__project.build.sourceEncoding>UTF-8</m:properties__project.build.sourceEncoding>
		<m:properties__sonatypeOssDistMgmtSnapshotsUrl>https://oss.sonatype.org/content/repositories/snapshots/</m:properties__sonatypeOssDistMgmtSnapshotsUrl>
		<m:maven.plugins>org.apache.maven.plugins__maven-enforcer-plugin__1.0|org.apache.maven.plugins__maven-enforcer-plugin__1.0|null__maven-resources-plugin__2.5|org.apache.maven.plugins__maven-jar-plugin__2.4|org.apache.maven.plugins__maven-shade-plugin__1.7|org.apache.felix__maven-bundle-plugin__null</m:maven.plugins>
	</info>
	<configurations>
		<conf name="default" visibility="public" description="runtime dependencies and master artifact can be used with this conf" extends="runtime,master"/>
		<conf name="master" visibility="public" description="contains only the artifact published by this module itself, with no transitive dependencies"/>
		<conf name="compile" visibility="public" description="this is the default scope, used if none is specified. Compile dependencies are available in all classpaths."/>
		<conf name="provided" visibility="public" description="this is much like compile, but indicates you expect the JDK or a container to provide it. It is only available on the compilation classpath, and is not transitive."/>
		<conf name="runtime" visibility="public" description="this scope indicates that the dependency is not required for compilation, but is for execution. It is in the runtime and test classpaths, but not the compile classpath." extends="compile"/>
		<conf name="test" visibility="private" description="this scope indicates that the dependency is not required for normal use of the application, and is only available for the test compilation and execution phases." extends="runtime"/>
		<conf name="system" visibility="public" description="this scope is similar to provided except that you have to provide the JAR which contains it explicitly. The artifact is always available and is not looked up in a repository."/>
		<conf name="sources" visibility="public" description="this configuration contains the source artifact of this module, if any."/>
		<conf name="javadoc" visibility="public" description="this configuration contains the javadoc artifact of this module, if any."/>
		<conf name="optional" visibility="public" description="contains all optional dependencies"/>
	</configurations>
	<publications>
		<artifact name="kryo" type="bundle" ext="jar" conf="master"/>
	</publications>
	<dependencies>
		<dependency org="com.esotericsoftware.reflectasm" name="reflectasm" rev="1.07" force="true" conf="compile->compile(*),master(compile);runtime->runtime(*)">
			<artifact name="reflectasm" type="jar" ext="jar" conf="" m:classifier="shaded"/>
		</dependency>
		<dependency org="com.esotericsoftware.minlog" name="minlog" rev="1.2" force="true" conf="compile->compile(*),master(compile);runtime->runtime(*)"/>
		<dependency org="org.objenesis" name="objenesis" rev="1.2" force="true" conf="compile->compile(*),master(compile);runtime->runtime(*)"/>
		<dependency org="junit" name="junit" rev="4.8.2" force="true" conf="test->runtime(*),master(compile)"/>
	</dependencies>
</ivy-module>
