<?xml version="1.0" encoding="UTF-8"?>
<ivy-module version="2.0" xmlns:m="http://ant.apache.org/ivy/maven">
	<info organisation="com.sun.jersey"
		module="jersey-json"
		revision="1.9"
		status="release"
		publication="20110902165700"
	>
		<description homepage="" />
		<m:dependency.management__junit__junit__version>4.8.2</m:dependency.management__junit__junit__version>
		<m:properties__jackson.version>1.8.3</m:properties__jackson.version>
		<m:dependency.management__com.sun.xml.bind__jaxb-impl__version>2.2.3-1</m:dependency.management__com.sun.xml.bind__jaxb-impl__version>
		<m:dependency.management__org.codehaus.jackson__jackson-core-asl__version>1.8.3</m:dependency.management__org.codehaus.jackson__jackson-core-asl__version>
		<m:dependency.management__org.codehaus.jackson__jackson-mapper-asl__version>1.8.3</m:dependency.management__org.codehaus.jackson__jackson-mapper-asl__version>
		<m:dependency.management__org.codehaus.jackson__jackson-jaxrs__version>1.8.3</m:dependency.management__org.codehaus.jackson__jackson-jaxrs__version>
		<m:dependency.management__org.codehaus.jackson__jackson-xc__version>1.8.3</m:dependency.management__org.codehaus.jackson__jackson-xc__version>
		<m:properties__project.build.sourceEncoding>UTF-8</m:properties__project.build.sourceEncoding>
		<m:properties__jvnetDistMgmtSnapshotsUrl>https://maven.java.net/content/repositories/snapshots/</m:properties__jvnetDistMgmtSnapshotsUrl>
		<m:maven.plugins>org.apache.maven.plugins__maven-enforcer-plugin__1.0|org.apache.maven.plugins__maven-enforcer-plugin__1.0|org.codehaus.mojo__buildnumber-maven-plugin__null|org.apache.maven.plugins__maven-jar-plugin__null|org.codehaus.mojo__cobertura-maven-plugin__null|org.apache.maven.plugins__maven-enforcer-plugin__1.0|org.apache.maven.plugins__maven-enforcer-plugin__1.0|org.codehaus.mojo__buildnumber-maven-plugin__null|org.apache.maven.plugins__maven-jar-plugin__null|org.codehaus.mojo__cobertura-maven-plugin__null|org.apache.maven.plugins__maven-compiler-plugin__null|org.apache.maven.plugins__maven-surefire-plugin__null|org.codehaus.mojo__build-helper-maven-plugin__null|com.sun.istack__maven-istack-commons-plugin__2.4|org.apache.felix__maven-bundle-plugin__null|org.apache.maven.plugins__maven-source-plugin__null|de.jflex__maven-jflex-plugin__1.4.3</m:maven.plugins>
	</info>
	<configurations>
		<conf name="default" visibility="public" description="runtime dependencies and master artifact can be used with this conf" extends="runtime,master"/>
		<conf name="master" visibility="public" description="contains only the artifact published by this module itself, with no transitive dependencies"/>
		<conf name="compile" visibility="public" description="this is the default scope, used if none is specified. Compile dependencies are available in all classpaths."/>
		<conf name="provided" visibility="public" description="this is much like compile, but indicates you expect the JDK or a container to provide it. It is only available on the compilation classpath, and is not transitive."/>
		<conf name="runtime" visibility="public" description="this scope indicates that the dependency is not required for compilation, but is for execution. It is in the runtime and test classpaths, but not the compile classpath." extends="compile"/>
		<conf name="test" visibility="private" description="this scope indicates that the dependency is not required for normal use of the application, and is only available for the test compilation and execution phases." extends="runtime"/>
		<conf name="system" visibility="public" description="this scope is similar to provided except that you have to provide the JAR which contains it explicitly. The artifact is always available and is not looked up in a repository."/>
		<conf name="sources" visibility="public" description="this configuration contains the source artifact of this module, if any."/>
		<conf name="javadoc" visibility="public" description="this configuration contains the javadoc artifact of this module, if any."/>
		<conf name="optional" visibility="public" description="contains all optional dependencies"/>
	</configurations>
	<publications>
		<artifact name="jersey-json" type="bundle" ext="jar" conf="master"/>
	</publications>
	<dependencies>
		<dependency org="org.codehaus.jettison" name="jettison" rev="1.1" force="true" conf="compile->compile(*),master(compile);runtime->runtime(*)"/>
		<dependency org="com.sun.xml.bind" name="jaxb-impl" rev="2.2.3-1" force="true" conf="compile->compile(*),master(compile);runtime->runtime(*)"/>
		<dependency org="org.codehaus.jackson" name="jackson-core-asl" rev="1.8.3" force="true" conf="compile->compile(*),master(compile);runtime->runtime(*)"/>
		<dependency org="org.codehaus.jackson" name="jackson-mapper-asl" rev="1.8.3" force="true" conf="compile->compile(*),master(compile);runtime->runtime(*)"/>
		<dependency org="org.codehaus.jackson" name="jackson-jaxrs" rev="1.8.3" force="true" conf="compile->compile(*),master(compile);runtime->runtime(*)"/>
		<dependency org="org.codehaus.jackson" name="jackson-xc" rev="1.8.3" force="true" conf="compile->compile(*),master(compile);runtime->runtime(*)"/>
		<dependency org="junit" name="junit" rev="4.8.2" force="true" conf="test->runtime(*),master(compile)"/>
		<override org="org.codehaus.jackson" module="jackson-xc" matcher="exact" rev="1.8.3"/>
		<override org="org.codehaus.jackson" module="jackson-core-asl" matcher="exact" rev="1.8.3"/>
		<override org="org.codehaus.jackson" module="jackson-mapper-asl" matcher="exact" rev="1.8.3"/>
		<override org="org.codehaus.jackson" module="jackson-jaxrs" matcher="exact" rev="1.8.3"/>
		<override org="junit" module="junit" matcher="exact" rev="4.8.2"/>
		<override org="com.sun.xml.bind" module="jaxb-impl" matcher="exact" rev="2.2.3-1"/>
	</dependencies>
</ivy-module>
