<?xml version="1.0" encoding="UTF-8"?>
<ivy-module version="2.0" xmlns:m="http://ant.apache.org/ivy/maven">
	<info organisation="org.apache.curator"
		module="curator-framework"
		revision="2.4.0"
		status="release"
		publication="20140206043848"
	>
		<description homepage="">
		High-level API that greatly simplifies using ZooKeeper.
		</description>
		<m:properties__project.reporting.outputEncoding>UTF-8</m:properties__project.reporting.outputEncoding>
		<m:dependency.management__org.apache.curator__curator-recipes__version>2.4.0</m:dependency.management__org.apache.curator__curator-recipes__version>
		<m:properties__distMgmtSnapshotsUrl>https://repository.apache.org/content/repositories/snapshots</m:properties__distMgmtSnapshotsUrl>
		<m:properties__organization.logo>http://www.apache.org/images/asf_logo_wide.gif</m:properties__organization.logo>
		<m:dependency.management__org.apache.curator__curator-test__version>2.4.0</m:dependency.management__org.apache.curator__curator-test__version>
		<m:properties__project.build.resourceEncoding>UTF-8</m:properties__project.build.resourceEncoding>
		<m:dependency.management__org.apache.curator__curator-x-discovery-server__version>2.4.0</m:dependency.management__org.apache.curator__curator-x-discovery-server__version>
		<m:properties__osgi.export.package>
            org.apache.curator.framework*;version=&quot;${project.version}&quot;;-noimport:=true
        </m:properties__osgi.export.package>
		<m:properties__gpg.useagent>true</m:properties__gpg.useagent>
		<m:dependency.management__org.apache.curator__curator-client__version>2.4.0</m:dependency.management__org.apache.curator__curator-client__version>
		<m:dependency.management__org.mockito__mockito-core__version>1.8.5</m:dependency.management__org.mockito__mockito-core__version>
		<m:properties__project.build.sourceEncoding>UTF-8</m:properties__project.build.sourceEncoding>
		<m:properties__distMgmtSnapshotsName>Apache Development Snapshot Repository</m:properties__distMgmtSnapshotsName>
		<m:properties__sourceReleaseAssemblyDescriptor>source-release</m:properties__sourceReleaseAssemblyDescriptor>
		<m:properties__osgi.import.package>
            *
        </m:properties__osgi.import.package>
		<m:dependency.management__org.apache.curator__curator-x-discovery__version>2.4.0</m:dependency.management__org.apache.curator__curator-x-discovery__version>
		<m:maven.plugins>org.apache.maven.plugins__maven-remote-resources-plugin__null|org.apache.maven.plugins__maven-remote-resources-plugin__null|org.apache.maven.plugins__maven-dependency-plugin__2.8|org.apache.maven.plugins__maven-install-plugin__2.3.1|org.apache.maven.plugins__maven-compiler-plugin__3.0|org.apache.felix__maven-bundle-plugin__2.3.7|org.apache.maven.plugins__maven-surefire-plugin__2.16|org.apache.maven.plugins__maven-javadoc-plugin__2.9|org.apache.maven.plugins__maven-site-plugin__3.3|org.apache.maven.plugins__maven-scm-publish-plugin__1.0-beta-2|com.mycila.maven-license-plugin__maven-license-plugin__1.9.0|org.apache.maven.plugins__maven-release-plugin__2.4.1|org.apache.rat__apache-rat-plugin__0.8|org.apache.maven.plugins__maven-remote-resources-plugin__null|org.apache.maven.plugins__maven-remote-resources-plugin__null|org.apache.maven.plugins__maven-dependency-plugin__2.8|org.apache.maven.plugins__maven-install-plugin__2.3.1|org.apache.maven.plugins__maven-compiler-plugin__3.0|org.apache.felix__maven-bundle-plugin__2.3.7|org.apache.maven.plugins__maven-surefire-plugin__2.16|org.apache.maven.plugins__maven-javadoc-plugin__2.9|org.apache.maven.plugins__maven-site-plugin__3.3|org.apache.maven.plugins__maven-scm-publish-plugin__1.0-beta-2|com.mycila.maven-license-plugin__maven-license-plugin__1.9.0|org.apache.maven.plugins__maven-release-plugin__2.4.1|org.apache.rat__apache-rat-plugin__0.8</m:maven.plugins>
		<m:dependency.management__org.slf4j__slf4j-api__version>1.6.4</m:dependency.management__org.slf4j__slf4j-api__version>
		<m:dependency.management__org.apache.curator__curator-framework__version>2.4.0</m:dependency.management__org.apache.curator__curator-framework__version>
	</info>
	<configurations>
		<conf name="default" visibility="public" description="runtime dependencies and master artifact can be used with this conf" extends="runtime,master"/>
		<conf name="master" visibility="public" description="contains only the artifact published by this module itself, with no transitive dependencies"/>
		<conf name="compile" visibility="public" description="this is the default scope, used if none is specified. Compile dependencies are available in all classpaths."/>
		<conf name="provided" visibility="public" description="this is much like compile, but indicates you expect the JDK or a container to provide it. It is only available on the compilation classpath, and is not transitive."/>
		<conf name="runtime" visibility="public" description="this scope indicates that the dependency is not required for compilation, but is for execution. It is in the runtime and test classpaths, but not the compile classpath." extends="compile"/>
		<conf name="test" visibility="private" description="this scope indicates that the dependency is not required for normal use of the application, and is only available for the test compilation and execution phases." extends="runtime"/>
		<conf name="system" visibility="public" description="this scope is similar to provided except that you have to provide the JAR which contains it explicitly. The artifact is always available and is not looked up in a repository."/>
		<conf name="sources" visibility="public" description="this configuration contains the source artifact of this module, if any."/>
		<conf name="javadoc" visibility="public" description="this configuration contains the javadoc artifact of this module, if any."/>
		<conf name="optional" visibility="public" description="contains all optional dependencies"/>
	</configurations>
	<publications>
		<artifact name="curator-framework" type="bundle" ext="jar" conf="master"/>
	</publications>
	<dependencies>
		<dependency org="org.apache.curator" name="curator-client" rev="2.4.0" force="true" conf="compile->compile(*),master(compile);runtime->runtime(*)"/>
		<dependency org="org.apache.curator" name="curator-test" rev="2.4.0" force="true" conf="test->runtime(*),master(compile)"/>
		<dependency org="org.apache.zookeeper" name="zookeeper" rev="3.4.5" force="true" conf="compile->compile(*),master(compile);runtime->runtime(*)">
			<exclude org="com.sun.jmx" module="jmxri" name="*" type="*" ext="*" conf="" matcher="exact"/>
			<exclude org="com.sun.jdmk" module="jmxtools" name="*" type="*" ext="*" conf="" matcher="exact"/>
			<exclude org="javax.jms" module="jms" name="*" type="*" ext="*" conf="" matcher="exact"/>
			<exclude org="junit" module="junit" name="*" type="*" ext="*" conf="" matcher="exact"/>
		</dependency>
		<dependency org="com.google.guava" name="guava" rev="14.0.1" force="true" conf="compile->compile(*),master(compile);runtime->runtime(*)"/>
		<dependency org="org.testng" name="testng" rev="6.1.1" force="true" conf="test->runtime(*),master(compile)"/>
		<dependency org="log4j" name="log4j" rev="1.2.16" force="true" conf="test->runtime(*),master(compile)"/>
		<override org="org.apache.curator" module="curator-x-discovery" matcher="exact" rev="2.4.0"/>
		<override org="org.apache.curator" module="curator-x-discovery-server" matcher="exact" rev="2.4.0"/>
		<override org="org.apache.curator" module="curator-test" matcher="exact" rev="2.4.0"/>
		<override org="org.apache.curator" module="curator-recipes" matcher="exact" rev="2.4.0"/>
		<override org="org.apache.curator" module="curator-client" matcher="exact" rev="2.4.0"/>
		<override org="org.apache.curator" module="curator-framework" matcher="exact" rev="2.4.0"/>
		<override org="org.slf4j" module="slf4j-api" matcher="exact" rev="1.6.4"/>
		<override org="org.mockito" module="mockito-core" matcher="exact" rev="1.8.5"/>
	</dependencies>
</ivy-module>
