<?xml version="1.0" encoding="UTF-8"?>
<ivy-module version="2.0" xmlns:m="http://ant.apache.org/ivy/maven">
	<info organisation="org.apache.kafka"
		module="kafka_2.10"
		revision="0.8.2.1"
		status="release"
		publication="20150227040232"
	>
		<license name="The Apache Software License, Version 2.0" url="http://www.apache.org/licenses/LICENSE-2.0.txt" />
		<description homepage="http://kafka.apache.org" />
	</info>
	<configurations>
		<conf name="default" visibility="public" description="runtime dependencies and master artifact can be used with this conf" extends="runtime,master"/>
		<conf name="master" visibility="public" description="contains only the artifact published by this module itself, with no transitive dependencies"/>
		<conf name="compile" visibility="public" description="this is the default scope, used if none is specified. Compile dependencies are available in all classpaths."/>
		<conf name="provided" visibility="public" description="this is much like compile, but indicates you expect the JDK or a container to provide it. It is only available on the compilation classpath, and is not transitive."/>
		<conf name="runtime" visibility="public" description="this scope indicates that the dependency is not required for compilation, but is for execution. It is in the runtime and test classpaths, but not the compile classpath." extends="compile"/>
		<conf name="test" visibility="private" description="this scope indicates that the dependency is not required for normal use of the application, and is only available for the test compilation and execution phases." extends="runtime"/>
		<conf name="system" visibility="public" description="this scope is similar to provided except that you have to provide the JAR which contains it explicitly. The artifact is always available and is not looked up in a repository."/>
		<conf name="sources" visibility="public" description="this configuration contains the source artifact of this module, if any."/>
		<conf name="javadoc" visibility="public" description="this configuration contains the javadoc artifact of this module, if any."/>
		<conf name="optional" visibility="public" description="contains all optional dependencies"/>
	</configurations>
	<publications>
		<artifact name="kafka_2.10" type="jar" ext="jar" conf="master"/>
	</publications>
	<dependencies>
		<dependency org="org.objenesis" name="objenesis" rev="1.2" force="true" conf="test->runtime(*),master(compile)"/>
		<dependency org="org.slf4j" name="slf4j-log4j12" rev="1.7.6" force="true" conf="test->runtime(*),master(compile)"/>
		<dependency org="junit" name="junit" rev="4.1" force="true" conf="test->runtime(*),master(compile)"/>
		<dependency org="com.yammer.metrics" name="metrics-core" rev="2.2.0" force="true" conf="compile->compile(*),master(compile);runtime->runtime(*)"/>
		<dependency org="org.scala-lang" name="scala-library" rev="2.10.4" force="true" conf="compile->compile(*),master(compile);runtime->runtime(*)"/>
		<dependency org="org.scalatest" name="scalatest_2.10" rev="1.9.1" force="true" conf="test->runtime(*),master(compile)"/>
		<dependency org="org.easymock" name="easymock" rev="3.0" force="true" conf="test->runtime(*),master(compile)"/>
		<dependency org="org.apache.kafka" name="kafka-clients" rev="0.8.2.1" force="true" conf="compile->compile(*),master(compile);runtime->runtime(*)"/>
		<dependency org="org.apache.zookeeper" name="zookeeper" rev="3.4.6" force="true" conf="compile->compile(*),master(compile);runtime->runtime(*)"/>
		<dependency org="net.sf.jopt-simple" name="jopt-simple" rev="3.2" force="true" conf="compile->compile(*),master(compile);runtime->runtime(*)"/>
		<dependency org="com.101tec" name="zkclient" rev="0.3" force="true" conf="compile->compile(*),master(compile);runtime->runtime(*)"/>
	</dependencies>
</ivy-module>
