<?xml version="1.0" encoding="UTF-8"?>
<ivy-module version="2.0" xmlns:m="http://ant.apache.org/ivy/maven">
	<info organisation="io.netty"
		module="netty-all"
		revision="4.0.29.Final"
		status="release"
		publication="20150623151400"
	>
		<description homepage="" />
		<m:properties__argLine.coverage>-D_</m:properties__argLine.coverage>
		<m:dependency.management__org.bouncycastle__bcpkix-jdk15on__version>1.50</m:dependency.management__org.bouncycastle__bcpkix-jdk15on__version>
		<m:dependency.management__ch.qos.logback__logback-classic__version>1.0.13</m:dependency.management__ch.qos.logback__logback-classic__version>
		<m:dependency.management__org.jboss.marshalling__jboss-marshalling-river__scope>test</m:dependency.management__org.jboss.marshalling__jboss-marshalling-river__scope>
		<m:dependency.management__org.tukaani__xz__version>1.5</m:dependency.management__org.tukaani__xz__version>
		<m:dependency.management__ch.qos.logback__logback-classic__scope>test</m:dependency.management__ch.qos.logback__logback-classic__scope>
		<m:properties__quickbuild>true</m:properties__quickbuild>
		<m:dependency.management__org.jboss.marshalling__jboss-marshalling-serial__scope>test</m:dependency.management__org.jboss.marshalling__jboss-marshalling-serial__scope>
		<m:properties__jetty.alpn.version.latest8>8.1.3.v20150130</m:properties__jetty.alpn.version.latest8>
		<m:dependency.management__org.mortbay.jetty.alpn__alpn-boot__version>7.1.3.v20150130</m:dependency.management__org.mortbay.jetty.alpn__alpn-boot__version>
		<m:dependency.management__com.barchart.udt__barchart-udt-bundle__version>2.3.0</m:dependency.management__com.barchart.udt__barchart-udt-bundle__version>
		<m:dependency.management__org.slf4j__slf4j-api__version>1.7.5</m:dependency.management__org.slf4j__slf4j-api__version>
		<m:dependency.management__commons-logging__commons-logging__version>1.1.3</m:dependency.management__commons-logging__commons-logging__version>
		<m:properties__jetty.alpn.version.latest7>7.1.3.v20150130</m:properties__jetty.alpn.version.latest7>
		<m:dependency.management__junit__junit__scope>test</m:dependency.management__junit__junit__scope>
		<m:properties__project.reporting.outputEncoding>UTF-8</m:properties__project.reporting.outputEncoding>
		<m:dependency.management__io.netty__netty-tcnative__version>1.1.33.Fork3</m:dependency.management__io.netty__netty-tcnative__version>
		<m:dependency.management__log4j__log4j__exclusion_0>javax.mail__mail</m:dependency.management__log4j__log4j__exclusion_0>
		<m:dependency.management__log4j__log4j__exclusion_1>javax.jms__jms</m:dependency.management__log4j__log4j__exclusion_1>
		<m:dependency.management__log4j__log4j__exclusion_2>com.sun.jdmk__jmxtools</m:dependency.management__log4j__log4j__exclusion_2>
		<m:dependency.management__log4j__log4j__exclusion_3>com.sun.jmx__jmxri</m:dependency.management__log4j__log4j__exclusion_3>
		<m:dependency.management__org.mockito__mockito-core__version>1.10.8</m:dependency.management__org.mockito__mockito-core__version>
		<m:properties__dependencyVersionsDir>${project.build.directory}/versions</m:properties__dependencyVersionsDir>
		<m:dependency.management__org.eclipse.jetty.alpn__alpn-api__version>1.1.2.v20150522</m:dependency.management__org.eclipse.jetty.alpn__alpn-api__version>
		<m:properties__jetty.alpn.path>${settings.localRepository}/org/mortbay/jetty/alpn/alpn-boot/${jetty.alpn.version}/alpn-boot-${jetty.alpn.version}.jar</m:properties__jetty.alpn.path>
		<m:dependency.management__org.javassist__javassist__version>3.19.0-GA</m:dependency.management__org.javassist__javassist__version>
		<m:dependency.management__io.netty__netty-tcnative__scope>compile</m:dependency.management__io.netty__netty-tcnative__scope>
		<m:dependency.management__org.hamcrest__hamcrest-library__scope>test</m:dependency.management__org.hamcrest__hamcrest-library__scope>
		<m:dependency.management__org.easymock__easymock__scope>test</m:dependency.management__org.easymock__easymock__scope>
		<m:dependency.management__org.eclipse.jetty.npn__npn-api__version>1.1.1.v20141010</m:dependency.management__org.eclipse.jetty.npn__npn-api__version>
		<m:dependency.management__org.jmock__jmock-junit4__exclusion_0>junit__junit-dep</m:dependency.management__org.jmock__jmock-junit4__exclusion_0>
		<m:properties__argLine.leak>-D_</m:properties__argLine.leak>
		<m:dependency.management__org.mockito__mockito-core__scope>test</m:dependency.management__org.mockito__mockito-core__scope>
		<m:properties__jetty.alpn.version>${jetty.alpn.version.latest7}</m:properties__jetty.alpn.version>
		<m:dependency.management__org.javassist__javassist__scope>compile</m:dependency.management__org.javassist__javassist__scope>
		<m:properties__argLine.common>
      -server
      -dsa -da -ea:io.netty...
      -XX:+AggressiveOpts
      -XX:+TieredCompilation
      -XX:+UseBiasedLocking
      -XX:+UseFastAccessorMethods
      -XX:+OptimizeStringConcat
      -XX:+HeapDumpOnOutOfMemoryError
    </m:properties__argLine.common>
		<m:dependency.management__org.mortbay.jetty.npn__npn-boot__version>1.1.10.v20150130</m:dependency.management__org.mortbay.jetty.npn__npn-boot__version>
		<m:dependency.management__org.jboss.marshalling__jboss-marshalling__scope>compile</m:dependency.management__org.jboss.marshalling__jboss-marshalling__scope>
		<m:dependency.management__junit__junit__version>4.12</m:dependency.management__junit__junit__version>
		<m:dependency.management__log4j__log4j__version>1.2.17</m:dependency.management__log4j__log4j__version>
		<m:dependency.management__org.easymock__easymockclassextension__scope>test</m:dependency.management__org.easymock__easymockclassextension__scope>
		<m:dependency.management__org.jmock__jmock-junit4__scope>test</m:dependency.management__org.jmock__jmock-junit4__scope>
		<m:dependency.management__org.bouncycastle__bcpkix-jdk15on__scope>compile</m:dependency.management__org.bouncycastle__bcpkix-jdk15on__scope>
		<m:dependency.management__org.easymock__easymock__version>3.2</m:dependency.management__org.easymock__easymock__version>
		<m:dependency.management__com.yammer.metrics__metrics-core__version>2.2.0</m:dependency.management__com.yammer.metrics__metrics-core__version>
		<m:properties__jetty.npn.path>${settings.localRepository}/org/mortbay/jetty/npn/npn-boot/${jetty.npn.version}/npn-boot-${jetty.npn.version}.jar</m:properties__jetty.npn.path>
		<m:properties__jetty.npn.version>${jetty.npn.version.latest}</m:properties__jetty.npn.version>
		<m:dependency.management__com.jcraft__jzlib__version>1.1.2</m:dependency.management__com.jcraft__jzlib__version>
		<m:properties__sonatypeOssDistMgmtSnapshotsUrl>https://oss.sonatype.org/content/repositories/snapshots/</m:properties__sonatypeOssDistMgmtSnapshotsUrl>
		<m:maven.plugins>org.apache.maven.plugins__maven-enforcer-plugin__1.2|org.apache.maven.plugins__maven-enforcer-plugin__1.2|null__maven-enforcer-plugin__null|null__maven-compiler-plugin__3.1|org.codehaus.mojo__animal-sniffer-maven-plugin__1.9|null__maven-checkstyle-plugin__2.10|null__maven-dependency-plugin__null|null__maven-surefire-plugin__null|org.apache.felix__maven-bundle-plugin__2.4.0|null__maven-source-plugin__2.2.1|null__maven-javadoc-plugin__2.9.1|null__maven-deploy-plugin__2.7|null__maven-release-plugin__2.4.2|null__maven-antrun-plugin__null|org.apache.maven.plugins__maven-enforcer-plugin__1.2|org.apache.maven.plugins__maven-enforcer-plugin__1.2|null__maven-enforcer-plugin__null|null__maven-compiler-plugin__3.1|org.codehaus.mojo__animal-sniffer-maven-plugin__1.9|null__maven-checkstyle-plugin__2.10|null__maven-dependency-plugin__null|null__maven-surefire-plugin__null|org.apache.felix__maven-bundle-plugin__2.4.0|null__maven-source-plugin__2.2.1|null__maven-javadoc-plugin__2.9.1|null__maven-deploy-plugin__2.7|null__maven-release-plugin__2.4.2|null__maven-antrun-plugin__null|null__maven-clean-plugin__null|null__maven-dependency-plugin__null|null__maven-antrun-plugin__null|org.codehaus.mojo__build-helper-maven-plugin__null|org.apache.felix__maven-bundle-plugin__null|null__maven-jar-plugin__null|org.codehaus.mojo__animal-sniffer-maven-plugin__null|null__maven-checkstyle-plugin__null|null__maven-resources-plugin__null|null__maven-compiler-plugin__null|null__maven-surefire-plugin__null|null__maven-jxr-plugin__null|null__maven-javadoc-plugin__null</m:maven.plugins>
		<m:dependency.management__org.jboss.marshalling__jboss-marshalling__version>1.3.18.GA</m:dependency.management__org.jboss.marshalling__jboss-marshalling__version>
		<m:dependency.management__com.google.caliper__caliper__scope>test</m:dependency.management__com.google.caliper__caliper__scope>
		<m:dependency.management__com.google.protobuf__protobuf-java__version>2.5.0</m:dependency.management__com.google.protobuf__protobuf-java__version>
		<m:dependency.management__org.jboss.marshalling__jboss-marshalling-serial__version>1.3.18.GA</m:dependency.management__org.jboss.marshalling__jboss-marshalling-serial__version>
		<m:dependency.management__org.jmock__jmock-junit4__version>2.6.0</m:dependency.management__org.jmock__jmock-junit4__version>
		<m:dependency.management__org.hamcrest__hamcrest-library__version>1.3</m:dependency.management__org.hamcrest__hamcrest-library__version>
		<m:properties__jboss.marshalling.version>1.3.18.GA</m:properties__jboss.marshalling.version>
		<m:properties__project.build.sourceEncoding>UTF-8</m:properties__project.build.sourceEncoding>
		<m:properties__generatedSourceDir>${project.build.directory}/src</m:properties__generatedSourceDir>
		<m:dependency.management__org.easymock__easymockclassextension__version>3.2</m:dependency.management__org.easymock__easymockclassextension__version>
		<m:dependency.management__javax.servlet__servlet-api__version>2.5</m:dependency.management__javax.servlet__servlet-api__version>
		<m:dependency.management__com.google.caliper__caliper__version>0.5-rc1</m:dependency.management__com.google.caliper__caliper__version>
		<m:dependency.management__org.jboss.marshalling__jboss-marshalling-river__version>1.3.18.GA</m:dependency.management__org.jboss.marshalling__jboss-marshalling-river__version>
		<m:dependency.management__org.rxtx__rxtx__version>2.1.7</m:dependency.management__org.rxtx__rxtx__version>
		<m:properties__argLine.bootcp>-Xbootclasspath/p:${jetty.alpn.path}</m:properties__argLine.bootcp>
		<m:properties__jetty.npn.version.latest>1.1.10.v20150130</m:properties__jetty.npn.version.latest>
	</info>
	<configurations>
		<conf name="default" visibility="public" description="runtime dependencies and master artifact can be used with this conf" extends="runtime,master"/>
		<conf name="master" visibility="public" description="contains only the artifact published by this module itself, with no transitive dependencies"/>
		<conf name="compile" visibility="public" description="this is the default scope, used if none is specified. Compile dependencies are available in all classpaths."/>
		<conf name="provided" visibility="public" description="this is much like compile, but indicates you expect the JDK or a container to provide it. It is only available on the compilation classpath, and is not transitive."/>
		<conf name="runtime" visibility="public" description="this scope indicates that the dependency is not required for compilation, but is for execution. It is in the runtime and test classpaths, but not the compile classpath." extends="compile"/>
		<conf name="test" visibility="private" description="this scope indicates that the dependency is not required for normal use of the application, and is only available for the test compilation and execution phases." extends="runtime"/>
		<conf name="system" visibility="public" description="this scope is similar to provided except that you have to provide the JAR which contains it explicitly. The artifact is always available and is not looked up in a repository."/>
		<conf name="sources" visibility="public" description="this configuration contains the source artifact of this module, if any."/>
		<conf name="javadoc" visibility="public" description="this configuration contains the javadoc artifact of this module, if any."/>
		<conf name="optional" visibility="public" description="contains all optional dependencies"/>
	</configurations>
	<publications>
		<artifact name="netty-all" type="jar" ext="jar" conf="master"/>
	</publications>
	<dependencies>
		<dependency org="io.netty" name="netty-buffer" rev="4.0.29.Final" force="true" conf="optional->compile(*),master(compile)"/>
		<dependency org="io.netty" name="netty-codec" rev="4.0.29.Final" force="true" conf="optional->compile(*),master(compile)"/>
		<dependency org="io.netty" name="netty-codec-haproxy" rev="4.0.29.Final" force="true" conf="optional->compile(*),master(compile)"/>
		<dependency org="io.netty" name="netty-codec-http" rev="4.0.29.Final" force="true" conf="optional->compile(*),master(compile)"/>
		<dependency org="io.netty" name="netty-codec-socks" rev="4.0.29.Final" force="true" conf="optional->compile(*),master(compile)"/>
		<dependency org="io.netty" name="netty-common" rev="4.0.29.Final" force="true" conf="optional->compile(*),master(compile)"/>
		<dependency org="io.netty" name="netty-handler" rev="4.0.29.Final" force="true" conf="optional->compile(*),master(compile)"/>
		<dependency org="io.netty" name="netty-transport" rev="4.0.29.Final" force="true" conf="optional->compile(*),master(compile)"/>
		<dependency org="io.netty" name="netty-transport-rxtx" rev="4.0.29.Final" force="true" conf="optional->compile(*),master(compile)"/>
		<dependency org="io.netty" name="netty-transport-sctp" rev="4.0.29.Final" force="true" conf="optional->compile(*),master(compile)"/>
		<dependency org="io.netty" name="netty-transport-udt" rev="4.0.29.Final" force="true" conf="optional->compile(*),master(compile)"/>
		<dependency org="io.netty" name="netty-example" rev="4.0.29.Final" force="true" conf="optional->compile(*),master(compile)"/>
		<dependency org="com.google.protobuf" name="protobuf-java" rev="2.5.0" force="true" conf="optional->compile(*),master(compile)"/>
		<dependency org="org.jboss.marshalling" name="jboss-marshalling" rev="1.3.18.GA" force="true" conf="optional->compile(*),master(compile)"/>
		<dependency org="org.slf4j" name="slf4j-api" rev="1.7.5" force="true" conf="optional->compile(*),master(compile)"/>
		<dependency org="commons-logging" name="commons-logging" rev="1.1.3" force="true" conf="optional->compile(*),master(compile)"/>
		<dependency org="log4j" name="log4j" rev="1.2.17" force="true" conf="optional->compile(*),master(compile)">
			<exclude org="javax.mail" module="mail" name="*" type="*" ext="*" conf="" matcher="exact"/>
			<exclude org="javax.jms" module="jms" name="*" type="*" ext="*" conf="" matcher="exact"/>
			<exclude org="com.sun.jdmk" module="jmxtools" name="*" type="*" ext="*" conf="" matcher="exact"/>
			<exclude org="com.sun.jmx" module="jmxri" name="*" type="*" ext="*" conf="" matcher="exact"/>
		</dependency>
		<dependency org="org.javassist" name="javassist" rev="3.19.0-GA" force="true" conf="test->runtime(*),master(compile)"/>
		<dependency org="junit" name="junit" rev="4.12" force="true" conf="test->runtime(*),master(compile)"/>
		<dependency org="org.hamcrest" name="hamcrest-library" rev="1.3" force="true" conf="test->runtime(*),master(compile)"/>
		<dependency org="org.easymock" name="easymock" rev="3.2" force="true" conf="test->runtime(*),master(compile)"/>
		<dependency org="org.easymock" name="easymockclassextension" rev="3.2" force="true" conf="test->runtime(*),master(compile)"/>
		<dependency org="org.jmock" name="jmock-junit4" rev="2.6.0" force="true" conf="test->runtime(*),master(compile)">
			<exclude org="junit" module="junit-dep" name="*" type="*" ext="*" conf="" matcher="exact"/>
		</dependency>
		<dependency org="org.mockito" name="mockito-core" rev="1.10.8" force="true" conf="test->runtime(*),master(compile)"/>
		<dependency org="ch.qos.logback" name="logback-classic" rev="1.0.13" force="true" conf="test->runtime(*),master(compile)"/>
		<override org="org.eclipse.jetty.alpn" module="alpn-api" matcher="exact" rev="1.1.2.v20150522"/>
		<override org="org.eclipse.jetty.npn" module="npn-api" matcher="exact" rev="1.1.1.v20141010"/>
		<override org="com.barchart.udt" module="barchart-udt-bundle" matcher="exact" rev="2.3.0"/>
		<override org="org.jboss.marshalling" module="jboss-marshalling-river" matcher="exact" rev="1.3.18.GA"/>
		<override org="junit" module="junit" matcher="exact" rev="4.12"/>
		<override org="com.google.caliper" module="caliper" matcher="exact" rev="0.5-rc1"/>
		<override org="commons-logging" module="commons-logging" matcher="exact" rev="1.1.3"/>
		<override org="org.mortbay.jetty.alpn" module="alpn-boot" matcher="exact" rev="7.1.3.v20150130"/>
		<override org="ch.qos.logback" module="logback-classic" matcher="exact" rev="1.0.13"/>
		<override org="org.rxtx" module="rxtx" matcher="exact" rev="2.1.7"/>
		<override org="com.google.protobuf" module="protobuf-java" matcher="exact" rev="2.5.0"/>
		<override org="org.easymock" module="easymock" matcher="exact" rev="3.2"/>
		<override org="org.mortbay.jetty.npn" module="npn-boot" matcher="exact" rev="1.1.10.v20150130"/>
		<override org="org.jmock" module="jmock-junit4" matcher="exact" rev="2.6.0"/>
		<override org="org.jboss.marshalling" module="jboss-marshalling-serial" matcher="exact" rev="1.3.18.GA"/>
		<override org="org.slf4j" module="slf4j-api" matcher="exact" rev="1.7.5"/>
		<override org="org.easymock" module="easymockclassextension" matcher="exact" rev="3.2"/>
		<override org="org.mockito" module="mockito-core" matcher="exact" rev="1.10.8"/>
		<override org="org.tukaani" module="xz" matcher="exact" rev="1.5"/>
		<override org="org.hamcrest" module="hamcrest-library" matcher="exact" rev="1.3"/>
		<override org="com.jcraft" module="jzlib" matcher="exact" rev="1.1.2"/>
		<override org="org.javassist" module="javassist" matcher="exact" rev="3.19.0-GA"/>
		<override org="log4j" module="log4j" matcher="exact" rev="1.2.17"/>
		<override org="javax.servlet" module="servlet-api" matcher="exact" rev="2.5"/>
		<override org="io.netty" module="netty-tcnative" matcher="exact" rev="1.1.33.Fork3"/>
		<override org="org.bouncycastle" module="bcpkix-jdk15on" matcher="exact" rev="1.50"/>
		<override org="org.jboss.marshalling" module="jboss-marshalling" matcher="exact" rev="1.3.18.GA"/>
		<override org="com.yammer.metrics" module="metrics-core" matcher="exact" rev="2.2.0"/>
	</dependencies>
</ivy-module>
