<?xml version="1.0" encoding="UTF-8"?>
<ivy-module version="2.0" xmlns:m="http://ant.apache.org/ivy/maven">
	<info organisation="org.apache.xbean"
		module="xbean"
		revision="4.4"
		status="release"
		publication="20150910101619"
	>
		<description homepage="http://geronimo.apache.org/maven/${siteId}/${project.version}">
		XBean is a plugin based server architecture.
		</description>
		<m:dependency.management__ant__ant__version>1.6.5</m:dependency.management__ant__ant__version>
		<m:properties__organization.logo>http://www.apache.org/images/asf_logo_wide.gif</m:properties__organization.logo>
		<m:dependency.management__org.apache.xbean__xbean-reflect__version>4.4</m:dependency.management__org.apache.xbean__xbean-reflect__version>
		<m:dependency.management__org.apache.xbean__xbean-classpath__version>4.4</m:dependency.management__org.apache.xbean__xbean-classpath__version>
		<m:dependency.management__org.apache.xbean__xbean-asm-shaded__version>4.4</m:dependency.management__org.apache.xbean__xbean-asm-shaded__version>
		<m:properties__siteId>xbean</m:properties__siteId>
		<m:dependency.management__org.apache.xbean__xbean-naming__version>4.4</m:dependency.management__org.apache.xbean__xbean-naming__version>
		<m:dependency.management__org.codehaus.groovy__groovy-all__version>2.2.0</m:dependency.management__org.codehaus.groovy__groovy-all__version>
		<m:dependency.management__org.springframework__spring-context__version>2.5.6</m:dependency.management__org.springframework__spring-context__version>
		<m:dependency.management__org.apache.xbean__xbean-asm5-shaded__version>4.4</m:dependency.management__org.apache.xbean__xbean-asm5-shaded__version>
		<m:dependency.management__org.springframework__spring-beans__version>2.5.6</m:dependency.management__org.springframework__spring-beans__version>
		<m:properties__asm.version>5.0.4</m:properties__asm.version>
		<m:maven.plugins>org.apache.maven.plugins__maven-remote-resources-plugin__null|org.apache.maven.plugins__maven-remote-resources-plugin__null|org.apache.maven.plugins__maven-remote-resources-plugin__null|org.apache.maven.plugins__maven-remote-resources-plugin__null|org.apache.maven.plugins__maven-compiler-plugin__null|org.apache.maven.plugins__maven-enforcer-plugin__null|org.codehaus.mojo__ianal-maven-plugin__null|org.apache.maven.plugins__maven-remote-resources-plugin__null|org.apache.maven.plugins__maven-remote-resources-plugin__null|org.apache.maven.plugins__maven-remote-resources-plugin__null|org.apache.maven.plugins__maven-remote-resources-plugin__null|org.apache.maven.plugins__maven-compiler-plugin__null|org.apache.maven.plugins__maven-enforcer-plugin__null|org.codehaus.mojo__ianal-maven-plugin__null|org.apache.maven.plugins__maven-compiler-plugin__null|org.apache.maven.plugins__maven-enforcer-plugin__null|org.apache.maven.plugins__maven-javadoc-plugin__null|org.apache.maven.plugins__maven-remote-resources-plugin__null|org.apache.maven.plugins__maven-remote-resources-plugin__null|org.apache.maven.plugins__maven-remote-resources-plugin__null|org.apache.maven.plugins__maven-remote-resources-plugin__null|org.apache.maven.plugins__maven-compiler-plugin__null|org.apache.maven.plugins__maven-enforcer-plugin__null|org.codehaus.mojo__ianal-maven-plugin__null|org.apache.maven.plugins__maven-remote-resources-plugin__null|org.apache.maven.plugins__maven-remote-resources-plugin__null|org.apache.maven.plugins__maven-remote-resources-plugin__null|org.apache.maven.plugins__maven-remote-resources-plugin__null|org.apache.maven.plugins__maven-compiler-plugin__null|org.apache.maven.plugins__maven-enforcer-plugin__null|org.codehaus.mojo__ianal-maven-plugin__null|org.apache.maven.plugins__maven-compiler-plugin__null|org.apache.maven.plugins__maven-enforcer-plugin__null|org.apache.maven.plugins__maven-javadoc-plugin__null|org.apache.felix__maven-bundle-plugin__null|org.apache.maven.plugins__maven-source-plugin__null|org.apache.rat__apache-rat-plugin__0.8</m:maven.plugins>
		<m:dependency.management__commons-logging__commons-logging__version>1.0.3</m:dependency.management__commons-logging__commons-logging__version>
		<m:dependency.management__org.slf4j__slf4j-api__version>1.5.11</m:dependency.management__org.slf4j__slf4j-api__version>
		<m:dependency.management__org.apache.xbean__xbean-bundleutils__version>4.4</m:dependency.management__org.apache.xbean__xbean-bundleutils__version>
		<m:properties__distMgmtSnapshotsUrl>https://repository.apache.org/content/repositories/snapshots</m:properties__distMgmtSnapshotsUrl>
		<m:properties__site.deploy.url>scp://people.apache.org:/www/geronimo.apache.org</m:properties__site.deploy.url>
		<m:dependency.management__mx4j__mx4j__version>3.0.1</m:dependency.management__mx4j__mx4j__version>
		<m:dependency.management__org.springframework__spring-web__version>2.5.6</m:dependency.management__org.springframework__spring-web__version>
		<m:properties__gpg.useagent>true</m:properties__gpg.useagent>
		<m:dependency.management__com.thoughtworks.qdox__qdox__version>1.6.3</m:dependency.management__com.thoughtworks.qdox__qdox__version>
		<m:properties__project.build.sourceEncoding>UTF-8</m:properties__project.build.sourceEncoding>
		<m:dependency.management__org.apache.xbean__xbean-finder__version>4.4</m:dependency.management__org.apache.xbean__xbean-finder__version>
		<m:dependency.management__org.apache.xbean__xbean-asm-util__version>4.4</m:dependency.management__org.apache.xbean__xbean-asm-util__version>
		<m:dependency.management__org.apache.xbean__xbean-finder-shaded__version>4.4</m:dependency.management__org.apache.xbean__xbean-finder-shaded__version>
		<m:dependency.management__org.apache.xbean__xbean-blueprint__version>4.4</m:dependency.management__org.apache.xbean__xbean-blueprint__version>
		<m:dependency.management__org.apache.xbean__xbean-spring__version>4.4</m:dependency.management__org.apache.xbean__xbean-spring__version>
		<m:properties__distMgmtSnapshotsName>Apache Development Snapshot Repository</m:properties__distMgmtSnapshotsName>
		<m:dependency.management__org.apache.xbean__xbean-telnet__version>4.4</m:dependency.management__org.apache.xbean__xbean-telnet__version>
		<m:dependency.management__commons-beanutils__commons-beanutils__version>1.7.0</m:dependency.management__commons-beanutils__commons-beanutils__version>
		<m:properties__sourceReleaseAssemblyDescriptor>source-release</m:properties__sourceReleaseAssemblyDescriptor>
		<m:dependency.management__cglib__cglib-nodep__version>2.1_2</m:dependency.management__cglib__cglib-nodep__version>
		<m:dependency.management__org.apache.xbean__xbean-classloader__version>4.4</m:dependency.management__org.apache.xbean__xbean-classloader__version>
	</info>
	<configurations>
		<conf name="default" visibility="public" description="runtime dependencies and master artifact can be used with this conf" extends="runtime,master"/>
		<conf name="master" visibility="public" description="contains only the artifact published by this module itself, with no transitive dependencies"/>
		<conf name="compile" visibility="public" description="this is the default scope, used if none is specified. Compile dependencies are available in all classpaths."/>
		<conf name="provided" visibility="public" description="this is much like compile, but indicates you expect the JDK or a container to provide it. It is only available on the compilation classpath, and is not transitive."/>
		<conf name="runtime" visibility="public" description="this scope indicates that the dependency is not required for compilation, but is for execution. It is in the runtime and test classpaths, but not the compile classpath." extends="compile"/>
		<conf name="test" visibility="private" description="this scope indicates that the dependency is not required for normal use of the application, and is only available for the test compilation and execution phases." extends="runtime"/>
		<conf name="system" visibility="public" description="this scope is similar to provided except that you have to provide the JAR which contains it explicitly. The artifact is always available and is not looked up in a repository."/>
		<conf name="sources" visibility="public" description="this configuration contains the source artifact of this module, if any."/>
		<conf name="javadoc" visibility="public" description="this configuration contains the javadoc artifact of this module, if any."/>
		<conf name="optional" visibility="public" description="contains all optional dependencies"/>
	</configurations>
	<publications>
	</publications>
	<dependencies>
		<dependency org="junit" name="junit" rev="4.8.2" force="true" conf="test->runtime(*),master(compile)"/>
		<override org="org.apache.xbean" module="xbean-classloader" matcher="exact" rev="4.4"/>
		<override org="org.apache.xbean" module="xbean-classpath" matcher="exact" rev="4.4"/>
		<override org="org.apache.xbean" module="xbean-bundleutils" matcher="exact" rev="4.4"/>
		<override org="org.apache.xbean" module="xbean-finder" matcher="exact" rev="4.4"/>
		<override org="org.apache.xbean" module="xbean-naming" matcher="exact" rev="4.4"/>
		<override org="org.apache.xbean" module="xbean-reflect" matcher="exact" rev="4.4"/>
		<override org="org.apache.xbean" module="xbean-blueprint" matcher="exact" rev="4.4"/>
		<override org="org.apache.xbean" module="xbean-spring" matcher="exact" rev="4.4"/>
		<override org="org.apache.xbean" module="xbean-telnet" matcher="exact" rev="4.4"/>
		<override org="org.apache.xbean" module="xbean-asm-shaded" matcher="exact" rev="4.4"/>
		<override org="org.apache.xbean" module="xbean-asm5-shaded" matcher="exact" rev="4.4"/>
		<override org="org.apache.xbean" module="xbean-asm-util" matcher="exact" rev="4.4"/>
		<override org="org.apache.xbean" module="xbean-finder-shaded" matcher="exact" rev="4.4"/>
		<override org="ant" module="ant" matcher="exact" rev="1.6.5"/>
		<override org="cglib" module="cglib-nodep" matcher="exact" rev="2.1_2"/>
		<override org="commons-beanutils" module="commons-beanutils" matcher="exact" rev="1.7.0"/>
		<override org="commons-logging" module="commons-logging" matcher="exact" rev="1.0.3"/>
		<override org="org.codehaus.groovy" module="groovy-all" matcher="exact" rev="2.2.0"/>
		<override org="mx4j" module="mx4j" matcher="exact" rev="3.0.1"/>
		<override org="org.springframework" module="spring-beans" matcher="exact" rev="2.5.6"/>
		<override org="org.springframework" module="spring-context" matcher="exact" rev="2.5.6"/>
		<override org="org.springframework" module="spring-web" matcher="exact" rev="2.5.6"/>
		<override org="com.thoughtworks.qdox" module="qdox" matcher="exact" rev="1.6.3"/>
		<override org="org.slf4j" module="slf4j-api" matcher="exact" rev="1.5.11"/>
	</dependencies>
</ivy-module>
