<?xml version="1.0" encoding="UTF-8"?>
<ivy-module version="2.0" xmlns:m="http://ant.apache.org/ivy/maven">
	<info organisation="commons-digester"
		module="commons-digester"
		revision="1.8"
		status="release"
		publication="20061204000311"
	>
		<license name="The Apache Software License, Version 2.0" url="/LICENSE.txt" />
		<description homepage="http://jakarta.apache.org/commons/digester/">
		The Digester package lets you configure an XML->Java object mapping module
    which triggers certain actions called rules whenever a particular 
    pattern of nested XML elements is recognized.
		</description>
		<m:maven.plugins>null__maven-surefire-plugin__null|null__maven-xdoc-plugin__1.9.2</m:maven.plugins>
	</info>
	<configurations>
		<conf name="default" visibility="public" description="runtime dependencies and master artifact can be used with this conf" extends="runtime,master"/>
		<conf name="master" visibility="public" description="contains only the artifact published by this module itself, with no transitive dependencies"/>
		<conf name="compile" visibility="public" description="this is the default scope, used if none is specified. Compile dependencies are available in all classpaths."/>
		<conf name="provided" visibility="public" description="this is much like compile, but indicates you expect the JDK or a container to provide it. It is only available on the compilation classpath, and is not transitive."/>
		<conf name="runtime" visibility="public" description="this scope indicates that the dependency is not required for compilation, but is for execution. It is in the runtime and test classpaths, but not the compile classpath." extends="compile"/>
		<conf name="test" visibility="private" description="this scope indicates that the dependency is not required for normal use of the application, and is only available for the test compilation and execution phases." extends="runtime"/>
		<conf name="system" visibility="public" description="this scope is similar to provided except that you have to provide the JAR which contains it explicitly. The artifact is always available and is not looked up in a repository."/>
		<conf name="sources" visibility="public" description="this configuration contains the source artifact of this module, if any."/>
		<conf name="javadoc" visibility="public" description="this configuration contains the javadoc artifact of this module, if any."/>
		<conf name="optional" visibility="public" description="contains all optional dependencies"/>
	</configurations>
	<publications>
		<artifact name="commons-digester" type="jar" ext="jar" conf="master"/>
	</publications>
	<dependencies>
		<dependency org="commons-beanutils" name="commons-beanutils" rev="1.7.0" force="true" conf="compile->compile(*),master(compile);runtime->runtime(*)"/>
		<dependency org="commons-logging" name="commons-logging" rev="1.1" force="true" conf="compile->compile(*),master(compile);runtime->runtime(*)"/>
		<dependency org="xml-apis" name="xml-apis" rev="1.0.b2" force="true" conf="provided->compile(*),provided(*),runtime(*),master(compile)"/>
		<dependency org="junit" name="junit" rev="3.8.1" force="true" conf="test->runtime(*),master(compile)"/>
	</dependencies>
</ivy-module>
