<?xml version="1.0" encoding="UTF-8"?>
<ivy-module version="2.0" xmlns:m="http://ant.apache.org/ivy/maven">
	<info organisation="org.sonatype.sisu.inject"
		module="cglib"
		revision="2.2.1-v20090111"
		status="release"
		publication="20110104184244"
	>
		<license name="The Apache Software License, Version 2.0" url="http://www.apache.org/licenses/LICENSE-2.0.txt" />
		<description homepage="http://sourceforge.net/projects/cglib/" />
		<m:properties__forgeSnapshotUrl>http://repository.sonatype.org/content/repositories/snapshots</m:properties__forgeSnapshotUrl>
		<m:properties__asm.version>3.1</m:properties__asm.version>
		<m:properties__project.build.sourceEncoding>UTF-8</m:properties__project.build.sourceEncoding>
		<m:properties__forgeSnapshotId>forge-snapshots</m:properties__forgeSnapshotId>
		<m:properties__forgeReleaseId>forge-releases</m:properties__forgeReleaseId>
		<m:maven.plugins>null__maven-compiler-plugin__2.3.2|null__maven-surefire-plugin__2.6|null__maven-javadoc-plugin__2.7|null__maven-source-plugin__2.1.2|null__maven-jar-plugin__null|null__maven-site-plugin__3.0-beta-2|null__maven-release-plugin__2.1</m:maven.plugins>
		<m:properties__forgeReleaseUrl>https://repository.sonatype.org/service/local/staging/deploy/maven2</m:properties__forgeReleaseUrl>
	</info>
	<configurations>
		<conf name="default" visibility="public" description="runtime dependencies and master artifact can be used with this conf" extends="runtime,master"/>
		<conf name="master" visibility="public" description="contains only the artifact published by this module itself, with no transitive dependencies"/>
		<conf name="compile" visibility="public" description="this is the default scope, used if none is specified. Compile dependencies are available in all classpaths."/>
		<conf name="provided" visibility="public" description="this is much like compile, but indicates you expect the JDK or a container to provide it. It is only available on the compilation classpath, and is not transitive."/>
		<conf name="runtime" visibility="public" description="this scope indicates that the dependency is not required for compilation, but is for execution. It is in the runtime and test classpaths, but not the compile classpath." extends="compile"/>
		<conf name="test" visibility="private" description="this scope indicates that the dependency is not required for normal use of the application, and is only available for the test compilation and execution phases." extends="runtime"/>
		<conf name="system" visibility="public" description="this scope is similar to provided except that you have to provide the JAR which contains it explicitly. The artifact is always available and is not looked up in a repository."/>
		<conf name="sources" visibility="public" description="this configuration contains the source artifact of this module, if any."/>
		<conf name="javadoc" visibility="public" description="this configuration contains the javadoc artifact of this module, if any."/>
		<conf name="optional" visibility="public" description="contains all optional dependencies"/>
	</configurations>
	<publications>
		<artifact name="cglib" type="jar" ext="jar" conf="master"/>
	</publications>
	<dependencies>
		<dependency org="asm" name="asm" rev="3.1" force="true" conf="compile->compile(*),master(compile);runtime->runtime(*)"/>
		<dependency org="asm" name="asm-util" rev="3.1" force="true" conf="optional->compile(*),master(compile)"/>
		<dependency org="org.apache.ant" name="ant" rev="1.8.1" force="true" conf="optional->compile(*),master(compile)"/>
		<dependency org="asm" name="asm-commons" rev="3.1" force="true" conf="test->runtime(*),master(compile)"/>
		<dependency org="junit" name="junit" rev="3.8.2" force="true" conf="test->runtime(*),master(compile)"/>
	</dependencies>
</ivy-module>
